/*imagens de categoria*/
insert into imagem values('corte.png', 'Categorias');
insert into imagem values('cilios.png', 'Categorias');
insert into imagem values('unha.png', 'Categorias');
insert into imagem values('labio.png', 'Categorias');
insert into imagem values('sombrancelha.png', 'Categorias');

/*imagens de funcionário*/
insert into imagem values('stefany.jpg','Funcionarios');
insert into imagem values('leticia.jpg','Funcionarios');
insert into imagem values('Caterine.jpg','Funcionarios');
insert into imagem values('AnaRodrigues.jpg','Funcionarios');
insert into imagem values('Andre Pereira.jpg','Funcionarios');
insert into imagem values('BeatrizFernandes.jpg','Funcionarios');
insert into imagem values('CarolinaCosta.jpg','Funcionarios');
insert into imagem values('GuilhermeSouza.jpg','Funcionarios');
insert into imagem values('JoaoDaSilva.jpg','Funcionarios');
insert into imagem values('LucasAlmeida.jpg','Funcionarios');
insert into imagem values('mariaSantos.jpg','Funcionarios');
insert into imagem values('PedroOliveira.jpg','Funcionarios');
insert into imagem values('SofiaMartins.jpg','Funcionarios');

/*imagens de recompensa*/
insert into imagem values('cupom1.jpg','Premios');
insert into imagem values('produto1.jpg','Premios');
insert into imagem values('cupom2.jpg','Premios');
insert into imagem values('produto2.jpg','Premios');
insert into imagem values('cupom3.jpg','Premios');
insert into imagem values('produto3.jpg','Premios');
insert into imagem values('cupom4.jpg','Premios');
insert into imagem values('produto4.jpg','Premios');
insert into imagem values('OleoReparador.jpg','Premios');
insert into imagem values('Shampo.jpg','Premios');
insert into imagem values('LencoUmidecido.jpg','Premios');
insert into imagem values('SprayFixador.jpg','Premios');
insert into imagem values('SprayFinalizadorExtraBrilho.jpg','Premios');

insert into imagem values('mascaranutricao.jpg','Premios');
insert into imagem values('podescolorante.jpg','Premios');
insert into imagem values('protetortermico.jpg','Premios');
insert into imagem values('mascarahidratacao.jpg','Premios');


/*imagens de servicos*/

insert into imagem values ('progressiva-semformol.jpg', 'Servicos');
insert into imagem values ('progressiva.jpg', 'Servicos');

insert into imagem values ('progressiva-comformol.jpg', 'Servicos');
insert into imagem values ('progressiva-comformol2.jpg', 'Servicos');
insert into imagem values ('progressiva-comformol3.jpg', 'Servicos');

insert into imagem values ('CortePersonalisado.jpg', 'Servicos');

insert into imagem values ('lavagem_escova.jpg', 'Servicos');
insert into imagem values ('lavagem_escova2.jpg', 'Servicos');

insert into imagem values ('Hidratacao.jpg', 'Servicos');

insert into imagem values ('mechas.jpg', 'Servicos');
insert into imagem values ('mechas2.jpg', 'Servicos');

insert into imagem values ('morena_iluminada.png', 'Servicos');

insert into imagem values ('coloracao.jpg', 'Servicos');
insert into imagem values ('coloracao2.jpg', 'Servicos');

insert into imagem values ('MegaHair.jpg', 'Servicos');

insert into imagem values ('EscovaBabyliss.jpg', 'Servicos');

insert into imagem values ('extensao_cilios.jpg', 'Servicos');
insert into imagem values ('cilios1.jpg', 'Servicos');

insert into imagem values ('extensao_cilios2.jpg', 'Servicos');

insert into imagem values ('PermanenteCilios.jpg', 'Servicos');

insert into imagem values ('tinturaCilios', 'Servicos');

insert into imagem values ('CiliosColoridos.jpg', 'Servicos');

insert into imagem values ('RefilCilios.jpg', 'Servicos');

insert into imagem values ('LiftingCílios.jpg', 'Servicos');

insert into imagem values ('CiliosHibridos.jpg', 'Servicos');

insert into imagem values ('CiliosEspinhosos.jpg', 'Servicos');

insert into imagem values ('RemocaoCilios.jpg', 'Servicos');

insert into imagem values ('CiliosEspirais.jpg', 'Servicos');

insert into imagem values ('CiliosSeda.png', 'Servicos');

insert into imagem values ('CiliosMegaVol.jpg', 'Servicos');

insert into imagem values ('CiliosEspirais2.jpg', 'Servicos');

insert into imagem values ('CiliosFantasia.jpg', 'Servicos');

insert into imagem values ('CiliosMink.jpg', 'Servicos');

insert into imagem values ('tinturaSombrancelha.jpg', 'Servicos');

insert into imagem values ('DesignSombrancelha.jpg', 'Servicos');

insert into imagem values ('botox.jpg', 'Servicos');
insert into imagem values ('botox2.jpg', 'Servicos');

insert into imagem values ('ManicureTradicional.jpg', 'Servicos');

insert into imagem values ('Pedicure.jpg', 'Servicos');

insert into imagem values ('UnhasGel.jpg', 'Servicos');

insert into imagem values ('manicureFrance.jpg', 'Servicos');

insert into imagem values ('PedicureSPA.jpg', 'Servicos');

insert into imagem values ('UnhasPorcelana.jpg', 'Servicos');

insert into imagem values ('ComboPedicureEManicure.jpeg', 'Servicos');

insert into imagem values ('nailart.jpg', 'Servicos');
insert into imagem values ('nailart2.jpg', 'Servicos');

insert into imagem values ('unhas_acrilicas.jpg', 'Servicos');

insert into imagem values ('ManicureEPedicureLuxo.jpg', 'Servicos');

insert into imagem values ('ManicureExpress.jpg', 'Servicos');

insert into imagem values ('PedicureExpress.jpg', 'Servicos');

insert into imagem values ('UnhasSeda.jpg', 'Servicos');

insert into imagem values ('manicureEpedicurePremion.jpg', 'Servicos');

insert into imagem values ('unhaAcrigel.jpg', 'Servicos');

insert into imagem values ('ManicureSPA.jpg', 'Servicos');

insert into imagem values ('PedicureFrance.jpg', 'Servicos');

insert into imagem values ('unhasVidro.jpeg', 'Servicos');

insert into imagem values ('manicureEpedicureDeluxe.jpg', 'Servicos');

insert into imagem values ('UnhasVeludo.jpg', 'Servicos');

insert into imagem values ('ContornoLabial.jpg', 'Servicos');

insert into imagem values ('PreenchimentoLabial.jpg', 'Servicos');

insert into imagem values ('micropigmentacao_labial.jpg', 'Servicos');
insert into imagem values ('micropigmentacao_labial2.jpg', 'Servicos');
insert into imagem values ('micropigmentacao_labial3.jpg', 'Servicos');

insert into imagem values ('maquiagemLabial.jpg', 'Servicos');

insert into imagem values ('DesignSombrancelhaDeluxe.jpg', 'Servicos');

insert into imagem values ('MicropgmentacaoSombrancelha.jpeg', 'Servicos');

insert into imagem values ('TinturaSombrancelhaDeluxe.jpg', 'Servicos');

insert into imagem values ('MicrobladingSombrancelha.jpg', 'Servicos');

insert into imagem values ('Sombreamento.jpg', 'Servicos');

insert into imagem values ('SombrancelhaContemporanea.jpg', 'Servicos');

insert into imagem values ('SombrancelhaVibrantes.jpg', 'Servicos');

insert into imagem values ('TatuagemSombrancelha.jpg', 'Servicos');

insert into imagem values ('SombrancelhasEspessas.jpg', 'Servicos');

insert into imagem values ('Sombrancelha3D.jpg', 'Servicos');

insert into imagem values ('SombrancelhaMarmore.jpg', 'Servicos');

insert into imagem values ('SombrancelhaEfeitoGloss.png', 'Servicos');

insert into imagem values ('MicrobladingOmbre.jpg', 'Servicos');

insert into imagem values ('LaminizacaoSombrancelha.jpg', 'Servicos');

insert into imagem values ('MicroPimentoSombrancelha.png', 'Servicos');

insert into imagem values('bannerDesktop.jpg', 'Banners');
insert into imagem values('bannerMobile.jpg', 'Banners');

insert into banner values ('bannerDesktop.jpg','bannerMobile.jpg', 'Banners', 'recompensas.aspx');

/* inserts alterar os dados depois*/
insert into categoriaDeServico values(1,'Cabelo','corte.png', 'Categorias');
insert into categoriaDeServico values(2,'Cílios','cilios.png', 'Categorias');
insert into categoriaDeServico values(3,'Unhas','unha.png', 'Categorias');
insert into categoriaDeServico values(4,'Lábios','labio.png', 'Categorias');
insert into categoriaDeServico values(5,'Sobrancelhas','sombrancelha.png', 'Categorias');

-- servico Categoria 1
insert into servico values(1,'Progressiva sem Formol','Método de alisamento sem formol', 150.00, '04:30:00', 1, 120, true);
insert into servico values(2,'Progressiva com Formol','Método de alisamento com formol', 150.00,'03:00:00', 1, 120, true);
insert into servico values(3,'Corte de Cabelo e Estilização','Corte Profissional e Personalisado',150.00,'03:00:00',1,120,true);
insert into servico values(4,'Lavar e Escovar','Lavagem e Alisamento', 60.00, '1:30:00', 1, 48, true);
insert into servico values(5,'Hidratação/Nutrição/Reconstrução + Escova','Hidratação Profunda e Alisamento',50.00,'1:00:00', 1, 40, true);
insert into servico values(6,'Pacote de Tratamento','4 Sessões de Tratamento', 230.00,'1:30:00', 1, 184, true);
insert into servico values(7,'Mechas','Coloração', 320.00,'08:00:00', 1, 256, true);
insert into servico values(8,'Morena Iluminada','Coloração', 300.00,'08:00:00', 1, 240, true);
insert into servico values(9,'Coloração','Tintura', 90.00,'02:00:00', 1, 72, true);
insert into servico values(10,'Manutenção de Mega Hair','Manutenção', 300.00,'03:00:00',1, 240, true);
insert into servico values(11,'Escova com BabyLiss','Penteado', 100.00,'02:00:00', 1, 80, true);

-- servico Categoria 2
insert into servico values (12, 'Extensões de Cílios Clássicas', 'Extensões de cílios clássicas', 60.00, '02:00:00', 2, 48, true);
insert into servico values (13, 'Extensões de Cílios Volumosos', 'Extensões de cílios volumosos', 70.00, '02:30:00', 2, 56, true);
insert into servico values (14, 'Permanente de Cílios', 'Permanente de cílios', 50.00, '00:05:00', 2, 40, true);
insert into servico values (15, 'Tintura de Cílios', 'Tintura de cílios', 25.00, '00:45:00', 2, 20, true);
insert into servico values (16, 'Cílios Coloridos', 'Extensões de cílios coloridos', 75.00, '02:15:00', 2, 60, true);
insert into servico values (17, 'Refil de Cílios', 'Manutenção de extensões de cílios', 40.00, '01:30:00', 2, 32, true);
insert into servico values (18, 'Lifting de Cílios', 'Lifting de cílios', 55.00, '02:00:00', 2, 44, true);
insert into servico values (19, 'Cílios Híbridos', 'Extensões de cílios híbridos', 65.00, '02:15:00', 2, 52, true);
insert into servico values (20, 'Cílios Espinhados', 'Cílios espinhados', 35.00, '01:00:00', 2, 28, true);
insert into servico values (21, 'Remoção de Extensões de Cílios', 'Remoção de extensões de cílios', 20.00, '00:30:00', 2, 16, true);
insert into servico values (22, 'Cílios Espiralados', 'Cílios em espiral', 45.00, '01:30:00', 2, 36, true);
insert into servico values (23, 'Cílios de Seda', 'Extensões de cílios de seda', 70.00, '02:30:00', 2, 56, true);
insert into servico values (24, 'Cílios Mega Volume', 'Extensões de cílios mega volume', 80.00, '02:45:00', 2, 64, true);
insert into servico values (25, 'Cílios Espirais', 'Cílios em espiral', 45.00, '01:30:00', 2, 36, true);
insert into servico values (26, 'Cílios Fantasia', 'Extensões de cílios fantasias', 75.00, '02:30:00', 2, 60, true);
insert into servico values (27, 'Cílios Mink', 'Extensões de cílios de mink', 60.00, '02:15:00', 2, 48, true);

-- servico Categoria 3
insert into servico values(30,'Botox',' Recurso estético para a redução de rugas e linhas de expressão.', 60.00, "04:00:00", 4, 48, true);
insert into servico values (31, 'Manicure Tradicional', 'Manicure básica', 30.00, '01:00:00', 3, 24, true);
insert into servico values (32, 'Pedicure Tradicional', 'Pedicure básica', 35.00, '01:15:00', 3, 28, true);
insert into servico values (33, 'Unhas de Gel', 'Aplicação de unhas de gel', 60.00, '02:00:00', 3, 48, true);
insert into servico values (34, 'Manicure Francesa', 'Manicure com unhas francesas', 40.00, '01:30:00', 3, 32, true);
insert into servico values (35, 'Pedicure Spa', 'Pedicure com spa de pés', 45.00, '01:30:00', 3, 36, true);
insert into servico values (36, 'Unhas de Porcelana', 'Aplicação de unhas de porcelana', 70.00, '02:30:00', 3, 56, true);
insert into servico values (37, 'Manicure e Pedicure Combo', 'Manicure e pedicure tradicionais', 60.00, '02:15:00', 3, 48, true);
insert into servico values (38, 'Nail Art', 'Decoração de unhas', 50.00, '02:00:00', 3, 40, true);
insert into servico values (39, 'Unhas Acrílicas', 'Aplicação de unhas acrílicas', 55.00, '02:15:00', 3, 44, true);
insert into servico values (40, 'Manicure e Pedicure de Luxo', 'Manicure e pedicure premium', 80.00, '02:30:00', 3, 64, true);
insert into servico values (41, 'Manicure Express', 'Manicure rápida', 20.00, '00:30:00', 3, 16, true);
insert into servico values (42, 'Pedicure Express', 'Pedicure rápida', 25.00, '00:45:00', 3, 20, true);
insert into servico values (43, 'Unhas de Seda', 'Aplicação de unhas de seda', 65.00, '02:15:00', 3, 52, true);
insert into servico values (44, 'Manicure e Pedicure Premium', 'Manicure e pedicure de alta qualidade', 75.00, '02:30:00', 3, 60, true);
insert into servico values (45, 'Unhas de Acrigel', 'Aplicação de unhas de acrigel', 70.00, '02:30:00', 3, 56, true);
insert into servico values (46, 'Manicure Spa', 'Manicure com spa de mãos', 35.00, '01:15:00', 3, 28, true);
insert into servico values (47, 'Pedicure Francesa', 'Pedicure com unhas francesas', 40.00, '01:45:00', 3, 32, true);
insert into servico values (48, 'Unhas de Vidro', 'Aplicação de unhas de vidro', 60.00, '02:15:00', 3, 48, true);
insert into servico values (49, 'Manicure e Pedicure Deluxe', 'Manicure e pedicure premium', 80.00, '02:30:00', 3, 64, true);
insert into servico values (50, 'Unhas de Veludo', 'Aplicação de unhas de veludo', 65.00, '02:15:00', 3, 52, true);

-- servico Categoria 4
insert into servico values (51, 'Contorno de Lábios', 'Contorno de lábios permanente', 70.00, '02:30:00', 4, 56, true);
insert into servico values (52, 'Preenchimento de Lábios', 'Preenchimento de lábios com ácido hialurônico', 120.00, '02:45:00', 4, 96, true);
insert into servico values (53,'Micropigmentação Labial','Pigmentação na Boca', 300.00,"03:00:00", 4, 200, true);
insert into servico values (54,'Maquiagem Labial Profissional','Micropigmentação', 300.00, "02:00:00",4, 200, true);

-- servico Categoria 5
insert into servico values (28, 'Tintura de Sobrancelha', 'Tintura de sobrancelha', 30.00, '01:00:00', 5, 24, true);
insert into servico values (29, 'Design de Sobrancelha Profissional', 'Design de sobrancelha', 40.00, '01:30:00', 5, 32, true);
insert into servico values (55, 'Design de Sobrancelhas Deluxe', 'Design de sobrancelhas', 40.00, '01:30:00', 5, 32, true);
insert into servico values (56, 'Micropigmentação de Sobrancelhas', 'Micropigmentação de sobrancelhas', 60.00, '02:00:00', 5, 48, true);
insert into servico values (57, 'Tintura de Sobrancelhas Deluxe', 'Tintura de sobrancelhas', 25.00, '00:45:00', 5, 20, true);
insert into servico values (58, 'Microblading de Sobrancelhas', 'Microblading de sobrancelhas', 70.00, '02:15:00', 5, 56, true);
insert into servico values (59, 'Sobrancelhas Sombreadas', 'Técnica de sobrancelhas sombreadas', 55.00, '02:00:00', 5, 44, true);
insert into servico values (60, 'Sobrancelhas Contemporâneas', 'Técnica contemporânea para sobrancelhas', 80.00, '02:30:00', 5, 64, true);
insert into servico values (61, 'Sobrancelhas Vibrantes', 'Técnica de sobrancelhas vibrantes', 60.00, '02:00:00', 5, 48, true);
insert into servico values (62, 'Tatuagem de Sobrancelhas', 'Tatuagem de sobrancelhas', 75.00, '02:15:00', 5, 60, true);
insert into servico values (63, 'Sobrancelhas Espessas', 'Técnica de sobrancelhas espessas', 70.00, '02:15:00', 5, 56, true);
insert into servico values (64, 'Sobrancelhas em 3D', 'Técnica de sobrancelhas em 3D', 85.00, '02:30:00', 5, 68, true);
insert into servico values (65, 'Sobrancelhas Marmorizadas', 'Técnica de sobrancelhas marmorizadas', 75.00, '02:15:00', 5, 40, true);
insert into servico values (66, 'Sobrancelhas com Efeito Gloss', 'Técnica de sobrancelhas com efeito gloss', 90.00, '02:30:00', 5, 20, true);
insert into servico values (67, 'Microblading Ombré','Microblading com metodo Ombré', 180.00,'02:00:00', 5, 120, true);
insert into servico values (68, 'Laminizacao de Sombrancelha','laminar as Sombrancelhas',120.00,'02:00:00', 5, 90,true);
insert into servico values (69, 'Micropigmentação de Sobrancelhas','Micropigmentação', 300.00,'2:00:00',5, 190,true);

-- insert into servicoimagem;

insert into servicoimagem values ('progressiva-semformol.jpg', 'Servicos', 1, true);
insert into servicoimagem values ('progressiva.jpg', 'Servicos', 1, false);


insert into servicoimagem values ('progressiva-comformol.jpg', 'Servicos', 2, true);
insert into servicoimagem values ('progressiva-comformol2.jpg', 'Servicos', 2, false);
insert into servicoimagem values ('progressiva-comformol3.jpg', 'Servicos', 2, false);

-- insert into servicoimagem values ('CortePersonalisado.jpg', 'Servicos', 3, true);

insert into servicoimagem values ('lavagem_escova.jpg', 'Servicos', 4, true);
insert into servicoimagem values ('lavagem_escova2.jpg', 'Servicos', 4, false);

insert into servicoimagem values ('Hidratacao.jpg', 'Servicos', 5, true);

-- insert into servicoimagem values ('CortePersonalisado.jpg', 'Servicos', 6, true);
insert into servicoimagem values ('Hidratacao.jpg', 'Servicos', 6, false);
insert into servicoimagem values ('progressiva.jpg', 'Servicos', 6, true);
insert into servicoimagem values ('lavagem_escova2.jpg', 'Servicos', 6, false);

insert into servicoimagem values ('mechas.jpg', 'Servicos', 7, true);
insert into servicoimagem values ('mechas2.jpg', 'Servicos', 7, false);

insert into servicoimagem values ('morena_iluminada.png', 'Servicos', 8, true);

insert into servicoimagem values ('coloracao.jpg', 'Servicos', 9, true);
insert into servicoimagem values ('coloracao2.jpg', 'Servicos', 9, false);

insert into servicoimagem values ('MegaHair.jpg', 'Servicos', 10, true);

insert into servicoimagem values ('EscovaBabyliss.jpg', 'Servicos', 11, true);

insert into servicoimagem values ('extensao_cilios.jpg', 'Servicos', 12, true);
insert into servicoimagem values ('cilios1.jpg', 'Servicos', 12, false);

insert into servicoimagem values ('extensao_cilios2.jpg', 'Servicos', 13, true);

insert into servicoimagem values ('PermanenteCilios.jpg', 'Servicos', 14, true);

-- insert into servicoimagem values ('tinturaCilios', 'Servicos', 15, true);

insert into servicoimagem values ('CiliosColoridos.jpg', 'Servicos', 16, true);

insert into servicoimagem values ('RefilCilios.jpg', 'Servicos', 17, true);

insert into servicoimagem values ('LiftingCílios.jpg', 'Servicos', 18, true);

insert into servicoimagem values ('CiliosHibridos.jpg', 'Servicos', 19, true);

insert into servicoimagem values ('CiliosEspinhosos.jpg', 'Servicos', 20, true);

insert into servicoimagem values ('RemocaoCilios.jpg', 'Servicos', 21, true);

insert into servicoimagem values ('CiliosEspirais.jpg', 'Servicos', 22, true);

insert into servicoimagem values ('CiliosSeda.png', 'Servicos', 23, true);

insert into servicoimagem values ('CiliosMegaVol.jpg', 'Servicos', 24, true);

insert into servicoimagem values ('CiliosEspirais2.jpg', 'Servicos', 25, true);

insert into servicoimagem values ('CiliosFantasia.jpg', 'Servicos', 26, true);

insert into servicoimagem values ('CiliosMink.jpg', 'Servicos', 27, true);

insert into servicoimagem values ('tinturaSombrancelha.jpg', 'Servicos', 28, true);

insert into servicoimagem values ('DesignSombrancelha.jpg', 'Servicos', 29, true);

insert into servicoimagem values ('botox.jpg', 'Servicos', 30, true);
insert into servicoimagem values ('botox2.jpg', 'Servicos', 30, false);

insert into servicoimagem values ('ManicureTradicional.jpg', 'Servicos', 31, true);

insert into servicoimagem values ('Pedicure.jpg', 'Servicos', 32, true);

insert into servicoimagem values ('UnhasGel.jpg', 'Servicos', 33, true);

insert into servicoimagem values ('manicureFrance.jpg', 'Servicos', 34, true);

insert into servicoimagem values ('PedicureSPA.jpg', 'Servicos', 35, true);

insert into servicoimagem values ('UnhasPorcelana.jpg', 'Servicos', 36, true);

insert into servicoimagem values ('ComboPedicureEManicure.jpeg', 'Servicos', 37, true);

insert into servicoimagem values ('nailart.jpg', 'Servicos', 38, true);
insert into servicoimagem values ('nailart2.jpg', 'Servicos', 38, false);

insert into servicoimagem values ('unhas_acrilicas.jpg', 'Servicos', 39, true);

insert into servicoimagem values ('ManicureEPedicureLuxo.jpg', 'Servicos', 40, true);

insert into servicoimagem values ('ManicureExpress.jpg', 'Servicos', 41, true);

insert into servicoimagem values ('PedicureExpress.jpg', 'Servicos', 42, true);

insert into servicoimagem values ('UnhasSeda.jpg', 'Servicos', 43, true);

insert into servicoimagem values ('manicureEpedicurePremion.jpg', 'Servicos', 44, true);

insert into servicoimagem values ('unhaAcrigel.jpg', 'Servicos', 45, true);

insert into servicoimagem values ('ManicureSPA.jpg', 'Servicos', 46, true);

insert into servicoimagem values ('PedicureFrance.jpg', 'Servicos', 47, true);

insert into servicoimagem values ('unhasVidro.jpeg', 'Servicos', 48, true);

insert into servicoimagem values ('manicureEpedicureDeluxe.jpg', 'Servicos', 49, true);

insert into servicoimagem values ('UnhasVeludo.jpg', 'Servicos', 50, true);

insert into servicoimagem values ('ContornoLabial.jpg', 'Servicos', 51, true);

insert into servicoimagem values ('PreenchimentoLabial.jpg', 'Servicos', 52, true);

insert into servicoimagem values ('micropigmentacao_labial.jpg', 'Servicos', 53, false);
insert into servicoimagem values ('micropigmentacao_labial2.jpg', 'Servicos', 53, false);
insert into servicoimagem values ('micropigmentacao_labial3.jpg', 'Servicos', 53, true);

insert into servicoimagem values ('maquiagemLabial.jpg', 'Servicos', 54, true);

insert into servicoimagem values ('DesignSombrancelhaDeluxe.jpg', 'Servicos', 55, true);

insert into servicoimagem values ('MicropgmentacaoSombrancelha.jpeg', 'Servicos', 56, true);

insert into servicoimagem values ('TinturaSombrancelhaDeluxe.jpg', 'Servicos', 57, true);

insert into servicoimagem values ('MicrobladingSombrancelha.jpg', 'Servicos', 58, true);

insert into servicoimagem values ('Sombreamento.jpg', 'Servicos', 59, true);

insert into servicoimagem values ('SombrancelhaContemporanea.jpg', 'Servicos', 60, true);

insert into servicoimagem values ('SombrancelhaVibrantes.jpg', 'Servicos', 61, true);

insert into servicoimagem values ('TatuagemSombrancelha.jpg', 'Servicos', 62, true);

insert into servicoimagem values ('SombrancelhasEspessas.jpg', 'Servicos', 63, true);

insert into servicoimagem values ('Sombrancelha3D.jpg', 'Servicos', 64, true);

insert into servicoimagem values ('SombrancelhaMarmore.jpg', 'Servicos', 65, true);

insert into servicoimagem values ('SombrancelhaEfeitoGloss.png', 'Servicos', 66, true);

insert into servicoimagem values ('MicrobladingOmbre.jpg', 'Servicos', 67, true);

insert into servicoimagem values ('LaminizacaoSombrancelha.jpg', 'Servicos', 68, true);

insert into servicoimagem values ('MicroPimentoSombrancelha.png', 'Servicos', 69, true);

/*insert into servicoimagem values ('micropigmentacao_sobrancelha.jpg', 'Servicos', 56, true);*/



-- insert into servicoimagem values ('cilios2.jpg', 'Servicos', 3, true);

-- cupons rever 
insert into cupomDesconto values(1,10);
insert into cupomDesconto values(2,5);
insert into cupomDesconto values(3,20);
insert into cupomDesconto values(4,16);
insert into cupomDesconto values(5,45);

insert into cupomServico values(1,2);
insert into cupomServico values(2,1);
insert into cupomServico values(3,4);
insert into cupomServico values(5,1);

insert into cupomCategoriaDeServico values(1,1);
insert into cupomCategoriaDeServico values(1,2);
insert into cupomCategoriaDeServico values(1,3);
insert into cupomCategoriaDeServico values(1,4);
insert into cupomCategoriaDeServico values(1,5);
insert into cupomCategoriaDeServico values(2,1);
insert into cupomCategoriaDeServico values(2,2);
insert into cupomCategoriaDeServico values(2,3);
insert into cupomCategoriaDeServico values(2,4);
insert into cupomCategoriaDeServico values(2,5);
insert into cupomCategoriaDeServico values(3,1);
insert into cupomCategoriaDeServico values(3,2);
insert into cupomCategoriaDeServico values(3,3);
insert into cupomCategoriaDeServico values(3,4);
insert into cupomCategoriaDeServico values(3,5);
insert into cupomCategoriaDeServico values(4,1);
insert into cupomCategoriaDeServico values(4,2);
insert into cupomCategoriaDeServico values(4,3);
insert into cupomCategoriaDeServico values(4,4);
insert into cupomCategoriaDeServico values(4,5);
insert into cupomCategoriaDeServico values(5,1);
insert into cupomCategoriaDeServico values(5,2);
insert into cupomCategoriaDeServico values(5,3);
insert into cupomCategoriaDeServico values(5,4);
insert into cupomCategoriaDeServico values(5,5);
-- insert into cupomServico values(4,3);

insert into tipodeProduto values(1,'uso em quantidades');
insert into tipodeProduto values(2,'uso unico');

insert into produto (cd_produto, nm_produto, qt_produto, cd_tipo_produto) values(1,'Formol', 120.00, 1);
insert into produto (cd_produto, nm_produto, qt_produto, cd_tipo_produto) values(2,'Cabelo Postiço', 50.00, 1);
insert into produto (cd_produto, nm_produto, qt_produto, cd_tipo_produto) values(3,'Botox', 35.00, 1);
insert into produto (cd_produto, nm_produto, qt_produto, cd_tipo_produto) values(4,'Shampoo', 20.00, 1);
insert into produto (cd_produto, nm_produto, qt_produto, cd_tipo_produto) values(5, 'Máscara de Hidratação Wella', 140.00, 1);
insert into produto (cd_produto, nm_produto, qt_produto, cd_tipo_produto) values(6, 'Máscara de Hidratação Senscience', 160.00, 1);
insert into produto (cd_produto, nm_produto, qt_produto, cd_tipo_produto) values(7, 'Máscara de Hidratação Joico', 240.00, 1);
insert into produto (cd_produto, nm_produto, qt_produto, cd_tipo_produto) values(8, 'Máscara de Nutrição Wella', 90.00, 1);
insert into produto (cd_produto, nm_produto, qt_produto, cd_tipo_produto) values(9, 'Máscara Reconstrução Wella', 120.00, 1) ;
insert into produto (cd_produto, nm_produto, qt_produto, cd_tipo_produto) values(10,'Máscara Nutrição Plancton', 45.00, 1);
insert into produto (cd_produto, nm_produto, qt_produto, cd_tipo_produto) values(11,'Pó Descolorante', 120.00, 1);
insert into produto (cd_produto, nm_produto, qt_produto, cd_tipo_produto) values(12,'Água Oxigenada', 30.00, 1);
insert into produto (cd_produto, nm_produto, qt_produto, cd_tipo_produto) values(13,'Protetor Térmico', 45.00, 1);
insert into produto (cd_produto, nm_produto, qt_produto, cd_tipo_produto) values(14, 'Óleo Reparador de Pontas', 25.00, 1);
insert into produto (cd_produto, nm_produto, qt_produto, cd_tipo_produto) values(15, 'Spray Fixador', 30.00, 1);
insert into produto (cd_produto, nm_produto, qt_produto, cd_tipo_produto) values(16, 'Spray Finalizador Extra Brilho', 30.00, 1);
insert into produto (cd_produto, nm_produto, qt_produto, cd_tipo_produto) values(17, 'Removedor de Mega Hair', 20.00, 1);
insert into produto (cd_produto, nm_produto, qt_produto, cd_tipo_produto) values(18, 'Óleo Removedor de Cola de Mega Hair', 15.00, 1);
insert into produto (cd_produto, nm_produto, qt_produto, cd_tipo_produto) values(19, 'Fita Adesiva para Manutenção de Mega Hair', 50.00, 1);
insert into produto (cd_produto, nm_produto, qt_produto, cd_tipo_produto) values(20, 'Pigmento da Micro', 230.00, 1);
insert into produto (cd_produto, nm_produto, qt_produto, cd_tipo_produto) values(21, 'Pinça Descartável', 0.50, 1);
insert into produto (cd_produto, nm_produto, qt_produto, cd_tipo_produto) values(22, 'Agulha', 18.00, 2);
insert into produto (cd_produto, nm_produto, qt_produto, cd_tipo_produto) values(23, 'Lenço Umedecido', 9.00, 1);
insert into produto (cd_produto, nm_produto, qt_produto, cd_tipo_produto) values(24, 'Produto Dermocosmeticos', 9.00, 1);
insert into produto (cd_produto, nm_produto, qt_produto, cd_tipo_produto) values(25,' Shampo Anti Caspa', 20,1);

insert into temporada values(1,'2023-08-10','2023-10-30');
insert into temporada values(2,'2023-09-10','2023-11-30');

insert into tipoPremio values(1,'Cupom');
insert into tipoPremio values(2,'Produto');

insert into premio values(1,2,null,null,null,25,'shampo anti caspa',40, 'shampo anti caspa', 'produto1.jpg', 'Premios',true);
insert into premio values(2,1,1,2,1,null,'cupom de desconto para cabelo',30,'Aplicado para qualquer servico de cabelo', 'cupom1.jpg', 'Premios',true);

insert into premio values(3,1,3,4,null,null,'cupom de desconto para cabelo',10,'Servico de Lavar e Escovar', 'cupom2.jpg', 'Premios',true);

insert into premio values(4,1,2,1,2,null,'cupom de desconto para cilios',30,'cupom para qualquer servico de cilios', 'cupom3.jpg', 'Premios',true);

-- insert into premio values(4,2,1,4,3,null,'cupom de desconto para unhas',10);
insert into premio values(5,1,5,1,3,null,'cupom de desconto para unhas',10,'Cupom para qualquer servico para unhas','cupom4.jpg', 'Premios',true);

insert into premio values(6,2,null,null,null,15,'Spray Fixador',30,'Spray Fixador','SprayFixador.jpg','Premios',true);
insert into premio values(7,2,null,null,null,23 ,'Lenço Umedecido',10,'Lenço Umedecido','LencoUmidecido.jpg','Premios',true);
insert into premio values(8,2,null,null,null,16 ,'Spray Finalizador Extra Brilho',40,'Spray Finalizador Extra Brilho','SprayFinalizadorExtraBrilho.jpg','Premios',true);
insert into premio values(9,2,null,null,null,4 ,'Shampo Convencional',20,'Shampo Convencional','Shampo.jpg','Premios',true);
insert into premio values(10,2,null,null,null,14 ,'Óleo Reparador de Pontas',20,'Óleo Reparador de Pontas','OleoReparador.jpg','Premios',true);

insert into premio values(11,2,null,null,null,8 ,'Máscara de Nutrição Wella',10,'Máscara de Nutrição Wella','mascaranutricao.jpg','Premios',true);
insert into premio values(12,2,null,null,null,11 ,'Pó Descolorante',40,'Pó Descolorante','podescolorante.jpg','Premios',true);
insert into premio values(13,2,null,null,null,13 ,'Protetor Térmico',20,'Protetor Térmico','protetortermico.jpg','Premios',true);
insert into premio values(14,2,null,null,null,6 ,'Mascara de hidratraçao sesciente',20,'Óleo Reparador de Pontas','mascarahidratacao.jpg','Premios',true);

insert into cliente values('saradasilvaspagnuolo2705@gmail.com','Sara da Silva',md5('banana'),0, false);
insert into cliente values('catarina.santos@hotmail.com','Catarina dos Santos',md5('maça'),10, false);
insert into cliente values('bianca.melo@gmail.com','Bianca Melo',md5('caju'),80, false);
insert into cliente values('danielalmeida@gmail.com','Daniela Almeida',md5('morango'),20, false);
insert into cliente values('sophiacosta@gmail.com','Sophia López',md5('uva'),5, false);

/*insert into premioCliente values(1,1,'saradasilvaspagnuolo2705@gmail.com');
insert into premioCliente values(5,2,'saradasilvaspagnuolo2705@gmail.com');
insert into premioCliente values(2,2,'gilmaraspagnuolo@hotmail.com');
insert into premioCliente values(3,1,'matheuslourenconi@gmail.com');*/
-- insert into premioCliente values(4,2,'danielalmeida@gmail.com');

insert into premioCliente values(1,'catarina.santos@hotmail.com',false);
insert into premioCliente values(2,'catarina.santos@hotmail.com',true);
insert into premioCliente values(3,'catarina.santos@hotmail.com',false);
insert into premioCliente values(4,'catarina.santos@hotmail.com',false);
insert into premioCliente values(5,'catarina.santos@hotmail.com',false);


insert into premioCliente values(1,'saradasilvaspagnuolo2705@gmail.com',false);
insert into premioCliente values(2,'saradasilvaspagnuolo2705@gmail.com',true);
insert into premioCliente values(3,'saradasilvaspagnuolo2705@gmail.com',false);
insert into premioCliente values(5,'saradasilvaspagnuolo2705@gmail.com',false);

insert into diaDeTrabalho values(1,'Domingo');
insert into diaDeTrabalho values(2,'Segunda');
insert into diaDeTrabalho values(3,'Terça');
insert into diaDeTrabalho values(4,'Quarta');
insert into diaDeTrabalho values(5,'Quinta');
insert into diaDeTrabalho values(6,'Sexta');
insert into diaDeTrabalho values(7,'Sábado');

insert into tipodeFuncionario values(1,'Funcionario');
insert into tipodeFuncionario values(2,'Gerente');

insert into funcionario values(1,2,'Stefany Amorim','stefanyamorim@gmail.com', md5('senhaA'), 'stefany.jpg', 'Funcionarios',true);
insert into funcionario values(2,1,'Leticia Fernanda','leticiafernanda@gmail.com', md5('senhaA'), 'leticia.jpg', 'Funcionarios',true);
insert into funcionario values(3,1,'Luara Matias Silva','luaramatias@gmail.com', md5('senhaA'), null, null,true);
insert into funcionario values(4,1,'Ana Clara Santos','anaclara@gmail.com', md5('senhaA'), null, null,true);
insert into funcionario values(5,1,'Catarina Felicce','catarinalaura@gmail.com', md5('senhaA'),'Caterine.jpg','Funcionarios',true);
insert into funcionario values(6,1,'João da Silva','joaosilva123@gmail.com', md5('senhaA'),'JoaoDaSilva.jpg','Funcionarios',true);
insert into funcionario values(7,1,'Maria Santos Pereira','mariasantos456@gmail.com', md5('senhaA'),'mariaSantos.jpg','Funcionarios',true);
insert into funcionario values(8,1,'Pedro Oliveira','pedrooliveira789@gmail.com', md5('senhaA'),'PedroOliveira.jpg','Funcionarios',false);
insert into funcionario values(9,1,'Ana Rodrigues','anarodrigues101@gmail.com', md5('senhaA'),'AnaRodrigues.jpg','Funcionarios',true);
insert into funcionario values(10,1,'Lucas Almeida','lucasalmeida290@gmail.com', md5('senhaA'),'LucasAlmeida.jpg','Funcionarios',true);
insert into funcionario values(11,1,'Carolina Costa','carolinacosta03@gmail.com', md5('senhaA'),'CarolinaCosta.jpg','Funcionarios',false);
insert into funcionario values(12,1,'André Pereira','andrepereira42@gmail.com', md5('senhaA'),'Andre Pereira.jpg','Funcionarios',false);
insert into funcionario values(13,1,'Beatriz Fernandes','beatrizfernandes@gmail.com', md5('senhaA'),'BeatrizFernandes.jpg','Funcionarios',true);
insert into funcionario values(14,1,'Guilherme de Sousa','guilhermesousa08@gmail.com', md5('senhaA'),'GuilhermeSouza.jpg','Funcionarios',true);
insert into funcionario values(15,1,'Sofia Martins dos Santos','sofiamartinssantos@gmail.com', md5('senhaA'),'SofiaMartins.jpg','Funcionarios',true);

/* funcionario stefany*/
insert into funcionarioServico values(1,12,true);
insert into funcionarioServico values(1,13,true);
insert into funcionarioServico values(1,14,true);
insert into funcionarioServico values(1,15,true);
insert into funcionarioServico values(1,16,true);
insert into funcionarioServico values(1,17,true);
insert into funcionarioServico values(1,18,true);
insert into funcionarioServico values(1,19,true);
insert into funcionarioServico values(1,20,true);
insert into funcionarioServico values(1,21,true);
insert into funcionarioServico values(1,22,true);
insert into funcionarioServico values(1,23,true);
insert into funcionarioServico values(1,24,true);
insert into funcionarioServico values(1,25,true);
insert into funcionarioServico values(1,26,true);
insert into funcionarioServico values(1,27,true);
insert into funcionarioServico values(1,28,true);
insert into funcionarioServico values(1,29,true);

/* funcionario 2*/
insert into funcionarioServico values(2,51,true);
insert into funcionarioServico values(2,52,true);
insert into funcionarioServico values(2,53,true);
insert into funcionarioServico values(2,54,true);

/* funcionario 3*/
insert into funcionarioServico values(3,1,true);
insert into funcionarioServico values(3,2,true);
insert into funcionarioServico values(3,3,true);
insert into funcionarioServico values(3,4,true);
insert into funcionarioServico values(3,5,true);
insert into funcionarioServico values(3,6,true);
insert into funcionarioServico values(3,7,true);
insert into funcionarioServico values(3,8,true);
insert into funcionarioServico values(3,9,true);
insert into funcionarioServico values(3,10,true);
insert into funcionarioServico values(3,11,true);

/* funcionario 4*/
insert into funcionarioServico values(4,1,true);
insert into funcionarioServico values(4,2,true);
insert into funcionarioServico values(4,3,true);
insert into funcionarioServico values(4,4,true);
insert into funcionarioServico values(4,5,true);
insert into funcionarioServico values(4,6,true);
insert into funcionarioServico values(4,7,true);
insert into funcionarioServico values(4,8,true);
insert into funcionarioServico values(4,9,true);
insert into funcionarioServico values(4,10,true);
insert into funcionarioServico values(4,11,true);

/* funcionario 5*/
insert into funcionarioServico values(5,51,true);
insert into funcionarioServico values(5,52,true);
insert into funcionarioServico values(5,53,true);
insert into funcionarioServico values(5,54,true);

/* funcionario 6*/
insert into funcionarioServico values(6,51,true);
insert into funcionarioServico values(6,52,true);
insert into funcionarioServico values(6,53,true);
insert into funcionarioServico values(6,54,true);

/* funcionario 7*/
insert into funcionarioServico values(7,1,true);
insert into funcionarioServico values(7,2,true);
insert into funcionarioServico values(7,3,true);
insert into funcionarioServico values(7,4,true);
insert into funcionarioServico values(7,5,true);
insert into funcionarioServico values(7,6,true);
insert into funcionarioServico values(7,7,true);
insert into funcionarioServico values(7,8,true);
insert into funcionarioServico values(7,9,true);
insert into funcionarioServico values(7,10,true);
insert into funcionarioServico values(7,11,true);

/* funcionario 8 false*/
insert into funcionarioServico values(8,30,false);
insert into funcionarioServico values(8,31,false);
insert into funcionarioServico values(8,32,false);
insert into funcionarioServico values(8,33,false);
insert into funcionarioServico values(8,34,false);
insert into funcionarioServico values(8,35,false);
insert into funcionarioServico values(8,36,false);
insert into funcionarioServico values(8,37,false);
insert into funcionarioServico values(8,38,false);
insert into funcionarioServico values(8,39,false);
insert into funcionarioServico values(8,40,false);
insert into funcionarioServico values(8,41,false);
insert into funcionarioServico values(8,42,false);
insert into funcionarioServico values(8,43,false);
insert into funcionarioServico values(8,44,false);
insert into funcionarioServico values(8,45,false);
insert into funcionarioServico values(8,46,false);
insert into funcionarioServico values(8,47,false);
insert into funcionarioServico values(8,48,false);
insert into funcionarioServico values(8,49,false);
insert into funcionarioServico values(8,50,false);

/* funcionario 9*/
insert into funcionarioServico values(9,30,true);
insert into funcionarioServico values(9,31,true);
insert into funcionarioServico values(9,32,true);
insert into funcionarioServico values(9,33,true);
insert into funcionarioServico values(9,34,true);
insert into funcionarioServico values(9,35,true);
insert into funcionarioServico values(9,36,true);
insert into funcionarioServico values(9,37,true);
insert into funcionarioServico values(9,38,true);
insert into funcionarioServico values(9,39,true);
insert into funcionarioServico values(9,40,true);
insert into funcionarioServico values(9,41,true);
insert into funcionarioServico values(9,42,true);
insert into funcionarioServico values(9,43,true);
insert into funcionarioServico values(9,44,true);
insert into funcionarioServico values(9,45,true);
insert into funcionarioServico values(9,46,true);
insert into funcionarioServico values(9,47,true);
insert into funcionarioServico values(9,48,true);
insert into funcionarioServico values(9,49,true);
insert into funcionarioServico values(9,50,true);

insert into funcionarioServico values(9,1,true);
insert into funcionarioServico values(10,3,true);
insert into funcionarioServico values(11,4,true);
insert into funcionarioServico values(12,5,true);
insert into funcionarioServico values(9,2,true);

/* funcionario 10*/
insert into funcionarioServico values(10,30,true);
insert into funcionarioServico values(10,31,true);
insert into funcionarioServico values(10,32,true);
insert into funcionarioServico values(10,33,true);
insert into funcionarioServico values(10,34,true);
insert into funcionarioServico values(10,35,true);
insert into funcionarioServico values(10,36,true);
insert into funcionarioServico values(10,37,true);
insert into funcionarioServico values(10,38,true);
insert into funcionarioServico values(10,39,true);
insert into funcionarioServico values(10,40,true);
insert into funcionarioServico values(10,41,true);
insert into funcionarioServico values(10,42,true);
insert into funcionarioServico values(10,43,true);
insert into funcionarioServico values(10,44,true);
insert into funcionarioServico values(10,45,true);
insert into funcionarioServico values(10,46,true);
insert into funcionarioServico values(10,47,true);
insert into funcionarioServico values(10,48,true);
insert into funcionarioServico values(10,49,true);
insert into funcionarioServico values(10,50,true);

/* funcionario 11 false*/
insert into funcionarioServico values(11,51,false);
insert into funcionarioServico values(11,52,false);
insert into funcionarioServico values(11,53,false);
insert into funcionarioServico values(11,54,false);

/* funcionario 12 false*/
insert into funcionarioServico values(12,51,false);
insert into funcionarioServico values(12,52,false);
insert into funcionarioServico values(12,53,false);
insert into funcionarioServico values(12,54,false);

/* funcionario 13*/
insert into funcionarioServico values(13,51,true);
insert into funcionarioServico values(13,52,true);
insert into funcionarioServico values(13,53,true);
insert into funcionarioServico values(13,54,true);

/* funcionario 14*/
insert into funcionarioServico values(14,55,true);
insert into funcionarioServico values(14,56,true);
insert into funcionarioServico values(14,57,true);
insert into funcionarioServico values(14,58,true);
insert into funcionarioServico values(14,59,true);
insert into funcionarioServico values(14,60,true);
insert into funcionarioServico values(14,61,true);
insert into funcionarioServico values(14,62,true);
insert into funcionarioServico values(14,63,true);
insert into funcionarioServico values(14,64,true);
insert into funcionarioServico values(14,65,true);
insert into funcionarioServico values(14,66,true);
insert into funcionarioServico values(14,67,true);
insert into funcionarioServico values(14,68,true);
insert into funcionarioServico values(14,69,true);

/* funcionario 15*/
insert into funcionarioServico values(15,55,true);
insert into funcionarioServico values(15,56,true);
insert into funcionarioServico values(15,57,true);
insert into funcionarioServico values(15,58,true);
insert into funcionarioServico values(15,59,true);
insert into funcionarioServico values(15,60,true);
insert into funcionarioServico values(15,61,true);
insert into funcionarioServico values(15,62,true);
insert into funcionarioServico values(15,63,true);
insert into funcionarioServico values(15,64,true);
insert into funcionarioServico values(15,65,true);
insert into funcionarioServico values(15,66,true);
insert into funcionarioServico values(15,67,true);
insert into funcionarioServico values(15,68,true);
insert into funcionarioServico values(15,69,true);

insert into funcionarioServico values(1,1,true);
insert into funcionarioServico values(1,2,true);
insert into funcionarioServico values(1,3,true);

insert into funcionarioServico values(2,1,true);
insert into funcionarioServico values(2,2,true);
insert into funcionarioServico values(2,3,true);

-- 02:00:00
insert into funcionarioServicoDiaDeTrabalho values(3,'13:00:00', 1,13, true);
insert into funcionarioServicoDiaDeTrabalho values(3,'15:30:00', 1,13, true);
insert into funcionarioServicoDiaDeTrabalho values(3,'18:00:00', 1,13, true);
insert into funcionarioServicoDiaDeTrabalho values(3,'20:30:00', 1,13, true);
insert into funcionarioServicoDiaDeTrabalho values(3,'10:30:00', 1,13, true);
insert into funcionarioServicoDiaDeTrabalho values(3,'08:00:00', 1,13, true);

insert into funcionarioServicoDiaDeTrabalho values(3,'08:00:00', 1,14, true);
insert into funcionarioServicoDiaDeTrabalho values(3,'08:05:00', 1,14, true);
insert into funcionarioServicoDiaDeTrabalho values(3,'10:05:00', 1,14, true);
insert into funcionarioServicoDiaDeTrabalho values(3,'10:10:00', 1,14, true);

insert into funcionarioServicoDiaDeTrabalho values (3, '09:00:00', 1, 15, true);
insert into funcionarioServicoDiaDeTrabalho values (3, '09:45:00', 1, 15, true);
insert into funcionarioServicoDiaDeTrabalho values (3, '13:00:00', 1, 15, true);
insert into funcionarioServicoDiaDeTrabalho values (3, '13:45:00', 1, 15, true);

insert into funcionarioServicoDiaDeTrabalho values (3, '09:00:00', 1, 16, true);
insert into funcionarioServicoDiaDeTrabalho values (3, '11:15:00', 1, 16, true);
insert into funcionarioServicoDiaDeTrabalho values (3, '13:30:00', 1, 16, true);
insert into funcionarioServicoDiaDeTrabalho values (3, '15:45:00', 1, 16, true);

insert into funcionarioServicoDiaDeTrabalho values (3, '09:00:00', 1, 17, true);
insert into funcionarioServicoDiaDeTrabalho values (3, '10:30:00', 1, 17, true);
insert into funcionarioServicoDiaDeTrabalho values (3, '12:00:00', 1, 17, true);
insert into funcionarioServicoDiaDeTrabalho values (3, '14:30:00', 1, 17, true);

insert into funcionarioServicoDiaDeTrabalho values (4, '09:00:00', 1, 18, true);
insert into funcionarioServicoDiaDeTrabalho values (4, '11:00:00', 1, 18, true);
insert into funcionarioServicoDiaDeTrabalho values (4, '13:00:00', 1, 18, true);
insert into funcionarioServicoDiaDeTrabalho values (4, '15:00:00', 1, 18, true);

insert into funcionarioServicoDiaDeTrabalho values (5, '09:00:00', 1, 19, true);
insert into funcionarioServicoDiaDeTrabalho values (5, '11:15:00', 1, 19, true);
insert into funcionarioServicoDiaDeTrabalho values (5, '13:30:00', 1, 19, true);
insert into funcionarioServicoDiaDeTrabalho values (4, '15:45:00', 1, 19, true);

insert into funcionarioServicoDiaDeTrabalho values (6, '09:00:00', 1, 20, true);
insert into funcionarioServicoDiaDeTrabalho values (6, '10:00:00', 1, 20, true);
insert into funcionarioServicoDiaDeTrabalho values (6, '11:00:00', 1, 20, true);
insert into funcionarioServicoDiaDeTrabalho values (6, '12:00:00', 1, 20, true);

insert into funcionarioServicoDiaDeTrabalho values (5, '09:00:00', 1, 21, true);
insert into funcionarioServicoDiaDeTrabalho values (5, '09:30:00', 1, 21, true);
insert into funcionarioServicoDiaDeTrabalho values (5, '11:00:00', 1, 21, true);
insert into funcionarioServicoDiaDeTrabalho values (5, '11:30:00', 1, 21, true);

insert into funcionarioServicoDiaDeTrabalho values (4, '09:00:00', 1, 22, true);
insert into funcionarioServicoDiaDeTrabalho values (4, '10:30:00', 1, 22, true);
insert into funcionarioServicoDiaDeTrabalho values (4, '12:00:00', 1, 22, true);
insert into funcionarioServicoDiaDeTrabalho values (4, '13:30:00', 1, 22, true);

insert into funcionarioServicoDiaDeTrabalho values (6, '09:00:00', 1, 23, true);
insert into funcionarioServicoDiaDeTrabalho values (6, '11:30:00', 1, 23, true);
insert into funcionarioServicoDiaDeTrabalho values (6, '13:00:00', 1, 23, true);
insert into funcionarioServicoDiaDeTrabalho values (6, '15:45:00', 1, 23, true);

insert into funcionarioServicoDiaDeTrabalho values (3, '09:00:00', 1, 24, true);
insert into funcionarioServicoDiaDeTrabalho values (3, '11:45:00', 1, 24, true);
insert into funcionarioServicoDiaDeTrabalho values (3, '14:00:00', 1, 24, true);
insert into funcionarioServicoDiaDeTrabalho values (3, '16:45:00', 1, 24, true);

insert into funcionarioServicoDiaDeTrabalho values (3, '09:00:00', 1, 25, true);
insert into funcionarioServicoDiaDeTrabalho values (3, '10:30:00', 1, 25, true);
insert into funcionarioServicoDiaDeTrabalho values (3, '12:00:00', 1, 25, true);
insert into funcionarioServicoDiaDeTrabalho values (3, '13:30:00', 1, 25, true);

insert into funcionarioServicoDiaDeTrabalho values (3, '09:00:00', 1, 26, true);
insert into funcionarioServicoDiaDeTrabalho values (3, '11:30:00', 1, 26, true);
insert into funcionarioServicoDiaDeTrabalho values (3, '14:00:00', 1, 26, true);
insert into funcionarioServicoDiaDeTrabalho values (3, '16:30:00', 1, 26, true);

insert into funcionarioServicoDiaDeTrabalho values (3, '09:00:00', 1, 27, true);
insert into funcionarioServicoDiaDeTrabalho values (3, '11:15:00', 1, 27, true);
insert into funcionarioServicoDiaDeTrabalho values (3, '13:00:00', 1, 27, true);
insert into funcionarioServicoDiaDeTrabalho values (3, '15:15:00', 1, 27, true);

insert into funcionarioServicoDiaDeTrabalho values (3, '09:00:00', 1, 28, true);
insert into funcionarioServicoDiaDeTrabalho values (3, '10:00:00', 1, 28, true);
insert into funcionarioServicoDiaDeTrabalho values (3, '13:00:00', 1, 28, true);
insert into funcionarioServicoDiaDeTrabalho values (3, '14:00:00', 1, 28, true);

insert into funcionarioServicoDiaDeTrabalho values (3, '09:00:00', 1, 29, true);
insert into funcionarioServicoDiaDeTrabalho values (3, '10:30:00', 1, 29, true);
insert into funcionarioServicoDiaDeTrabalho values (3, '13:00:00', 1, 29, true);
insert into funcionarioServicoDiaDeTrabalho values (3, '14:30:00', 1, 29, true);

-- func 7, 4, 3  
insert into funcionarioServicoDiaDeTrabalho values(3,'07:00:00', 7,1, true);
insert into funcionarioServicoDiaDeTrabalho values(3,'10:30:00', 7,1, true);
insert into funcionarioServicoDiaDeTrabalho values(3,'15:00:00', 4,1, true);
insert into funcionarioServicoDiaDeTrabalho values(3,'19:30:00', 4,1, true);
insert into funcionarioServicoDiaDeTrabalho values(3,'12:00:00', 3,1, true);

insert into funcionarioServicoDiaDeTrabalho values(3,'08:00:00', 3,2, true);
insert into funcionarioServicoDiaDeTrabalho values(3,'11:45:00', 3,2, true);
insert into funcionarioServicoDiaDeTrabalho values(3,'08:00:00', 4,2, true);
insert into funcionarioServicoDiaDeTrabalho values(3,'11:00:00', 4,2, true);
insert into funcionarioServicoDiaDeTrabalho values(3,'15:00:00', 7,2, true);

insert into funcionarioServicoDiaDeTrabalho values(3,'08:00', 4,3, true);
insert into funcionarioServicoDiaDeTrabalho values(3,'11:45', 7,3, true);
insert into funcionarioServicoDiaDeTrabalho values(3,'15:45', 7,3, true);
insert into funcionarioServicoDiaDeTrabalho values(3,'13:00', 3,3, true);
insert into funcionarioServicoDiaDeTrabalho values(3,'16:00', 3,3, true);

insert into funcionarioServicoDiaDeTrabalho values(4,'10:00', 7,4, true);
insert into funcionarioServicoDiaDeTrabalho values(4,'09:00', 3,4, true);
insert into funcionarioServicoDiaDeTrabalho values(4,'10:30', 3,4, true);
insert into funcionarioServicoDiaDeTrabalho values(4,'12:00', 3,4, true);
insert into funcionarioServicoDiaDeTrabalho values(4,'15:00', 4,4, true);

insert into funcionarioServicoDiaDeTrabalho values(3,'08:00', 3,5, true);
insert into funcionarioServicoDiaDeTrabalho values(3,'09:00', 7,5, true);
insert into funcionarioServicoDiaDeTrabalho values(3,'10:15', 7,5, true);
insert into funcionarioServicoDiaDeTrabalho values(3,'11:15', 7,5, true);
insert into funcionarioServicoDiaDeTrabalho values(3,'15:00', 4,5, true);

insert into funcionarioServicoDiaDeTrabalho values(5,'08:00', 3,6, true);
insert into funcionarioServicoDiaDeTrabalho values(5,'09:30', 4,6, true);
insert into funcionarioServicoDiaDeTrabalho values(5,'11:15', 4,6, true);
insert into funcionarioServicoDiaDeTrabalho values(5,'12:45', 4,6, true);
insert into funcionarioServicoDiaDeTrabalho values(5,'15:00', 7,6, true);

insert into funcionarioServicoDiaDeTrabalho values(4,'08:00', 3,7, true);
insert into funcionarioServicoDiaDeTrabalho values(4,'16:45', 3,7, true);
insert into funcionarioServicoDiaDeTrabalho values(4,'08:15', 4,7, true);
insert into funcionarioServicoDiaDeTrabalho values(4,'07:00', 7,7, true);
insert into funcionarioServicoDiaDeTrabalho values(4,'15:00', 7,7, true);

insert into funcionarioServicoDiaDeTrabalho values(5,'08:00', 3,8, true);
insert into funcionarioServicoDiaDeTrabalho values(5,'09:45', 4,8, true);
insert into funcionarioServicoDiaDeTrabalho values(5,'17:15', 3,8, true);
insert into funcionarioServicoDiaDeTrabalho values(5,'06:00', 7,8, true);
insert into funcionarioServicoDiaDeTrabalho values(5,'14:00', 7,8, true);

insert into funcionarioServicoDiaDeTrabalho values(6,'08:00', 7,9, true);
insert into funcionarioServicoDiaDeTrabalho values(6,'09:45', 3,9, true);
insert into funcionarioServicoDiaDeTrabalho values(6,'10:15', 7,9, true);
insert into funcionarioServicoDiaDeTrabalho values(6,'12:15', 7,9, true);
insert into funcionarioServicoDiaDeTrabalho values(6,'13:00', 4,9, true);

insert into funcionarioServicoDiaDeTrabalho values(3,'08:00', 7,10, true);
insert into funcionarioServicoDiaDeTrabalho values(3,'09:45', 3,10, true);
insert into funcionarioServicoDiaDeTrabalho values(3,'13:15', 7,10, true);
insert into funcionarioServicoDiaDeTrabalho values(3,'12:45', 3,10, true);
insert into funcionarioServicoDiaDeTrabalho values(3,'17:00', 4,10, true);

insert into funcionarioServicoDiaDeTrabalho values(5,'08:00', 3,11, true);
insert into funcionarioServicoDiaDeTrabalho values(5,'12:00', 4,11, true);
insert into funcionarioServicoDiaDeTrabalho values(5,'06:00', 7,11, true);
insert into funcionarioServicoDiaDeTrabalho values(5,'14:00', 4,11, true);
insert into funcionarioServicoDiaDeTrabalho values(5,'10:00', 3,11, true);

-- FUNC 14 e 15
insert into funcionarioServicoDiaDeTrabalho values(3,'08:00', 14,55, true);
insert into funcionarioServicoDiaDeTrabalho values(3,'09:30', 14,55, true);
insert into funcionarioServicoDiaDeTrabalho values(3,'13:00', 15,55, true);
insert into funcionarioServicoDiaDeTrabalho values(3,'14:30', 15,55, true);

insert into funcionarioServicoDiaDeTrabalho values(3,'08:00', 14,56, true);
insert into funcionarioServicoDiaDeTrabalho values(3,'10:00', 14,56, true);
insert into funcionarioServicoDiaDeTrabalho values(3,'13:00', 15,56, true);
insert into funcionarioServicoDiaDeTrabalho values(3,'15:00', 15,56, true);

insert into funcionarioServicoDiaDeTrabalho values(4,'08:00', 14,57, true);
insert into funcionarioServicoDiaDeTrabalho values(4,'08:45', 14,57, true);
insert into funcionarioServicoDiaDeTrabalho values(4,'13:00', 15,57, true);
insert into funcionarioServicoDiaDeTrabalho values(4,'13:45', 15,57, true);

insert into funcionarioServicoDiaDeTrabalho values(5,'08:00', 14,58, true);
insert into funcionarioServicoDiaDeTrabalho values(5,'10:15', 14,58, true);
insert into funcionarioServicoDiaDeTrabalho values(5,'14:00', 15,58, true);
insert into funcionarioServicoDiaDeTrabalho values(5,'16:15', 15,58, true);

insert into funcionarioServicoDiaDeTrabalho values(6,'08:00', 14,59, true);
insert into funcionarioServicoDiaDeTrabalho values(6,'10:00', 14,59, true);
insert into funcionarioServicoDiaDeTrabalho values(6,'13:00', 15,59, true);
insert into funcionarioServicoDiaDeTrabalho values(6,'15:00', 15,59, true);

insert into funcionarioServicoDiaDeTrabalho values(3,'08:00', 14,60, true);
insert into funcionarioServicoDiaDeTrabalho values(3,'10:30', 14,60, true);
insert into funcionarioServicoDiaDeTrabalho values(3,'14:00', 15,60, true);
insert into funcionarioServicoDiaDeTrabalho values(3,'16:30', 15,60, true);

insert into funcionarioServicoDiaDeTrabalho values(4,'08:00', 14,61, true);
insert into funcionarioServicoDiaDeTrabalho values(4,'10:00', 14,61, true);
insert into funcionarioServicoDiaDeTrabalho values(4,'13:00', 15,61, true);
insert into funcionarioServicoDiaDeTrabalho values(4,'15:00', 15,61, true);

insert into funcionarioServicoDiaDeTrabalho values(3,'08:00', 14,62, true);
insert into funcionarioServicoDiaDeTrabalho values(3,'10:15', 14,62, true);
insert into funcionarioServicoDiaDeTrabalho values(3,'13:15', 15,62, true);
insert into funcionarioServicoDiaDeTrabalho values(3,'15:30', 15,62, true);

insert into funcionarioServicoDiaDeTrabalho values(6,'08:00', 14,63, true);
insert into funcionarioServicoDiaDeTrabalho values(6,'10:15', 14,63, true);
insert into funcionarioServicoDiaDeTrabalho values(6,'13:15', 15,63, true);
insert into funcionarioServicoDiaDeTrabalho values(6,'15:30', 15,63, true);

insert into funcionarioServicoDiaDeTrabalho values(5,'08:00', 14,64, true);
insert into funcionarioServicoDiaDeTrabalho values(5,'10:30', 14,64, true);
insert into funcionarioServicoDiaDeTrabalho values(5,'14:00', 15,64, true);
insert into funcionarioServicoDiaDeTrabalho values(5,'16:30', 15,64, true);

insert into funcionarioServicoDiaDeTrabalho values(4,'08:00', 14,65, true);
insert into funcionarioServicoDiaDeTrabalho values(4,'10:15', 14,65, true);
insert into funcionarioServicoDiaDeTrabalho values(4,'13:15', 15,65, true);
insert into funcionarioServicoDiaDeTrabalho values(4,'15:30', 15,65, true);

insert into funcionarioServicoDiaDeTrabalho values(5,'08:00', 14,66, true);
insert into funcionarioServicoDiaDeTrabalho values(5,'10:35', 14,66, true);
insert into funcionarioServicoDiaDeTrabalho values(5,'13:30', 15,66, true);
insert into funcionarioServicoDiaDeTrabalho values(5,'16:00', 15,66, true);

insert into funcionarioServicoDiaDeTrabalho values(6,'08:00', 14,67, true);
insert into funcionarioServicoDiaDeTrabalho values(6,'10:10', 14,67, true);
insert into funcionarioServicoDiaDeTrabalho values(6,'13:00', 15,67, true);
insert into funcionarioServicoDiaDeTrabalho values(6,'15:10', 15,67, true);

insert into funcionarioServicoDiaDeTrabalho values(2,'08:00', 14,68, true);
insert into funcionarioServicoDiaDeTrabalho values(2,'10:10', 14,68, true);
insert into funcionarioServicoDiaDeTrabalho values(2,'13:10', 15,68, true);
insert into funcionarioServicoDiaDeTrabalho values(2,'15:10', 15,68, true);

insert into funcionarioServicoDiaDeTrabalho values(3,'08:00', 14,69, true);
insert into funcionarioServicoDiaDeTrabalho values(3,'10:10', 14,69, true);
insert into funcionarioServicoDiaDeTrabalho values(3,'13:15', 15,69, true);
insert into funcionarioServicoDiaDeTrabalho values(3,'15:15', 15,69, true);

-- Func 09/10/08
insert into funcionarioServicoDiaDeTrabalho values (5, '06:00:00', 9, 30, true);
insert into funcionarioServicoDiaDeTrabalho values (5, '10:00:00', 9, 30, true);
insert into funcionarioServicoDiaDeTrabalho values (5, '15:00:00', 10, 30, true);
insert into funcionarioServicoDiaDeTrabalho values (4, '10:00:00', 10, 30, true);

insert into funcionarioServicoDiaDeTrabalho values (3, '09:00:00', 9, 31, true);
insert into funcionarioServicoDiaDeTrabalho values (3, '10:00:00', 9, 31, true);
insert into funcionarioServicoDiaDeTrabalho values (3, '13:00:00', 10, 31, true);
insert into funcionarioServicoDiaDeTrabalho values (3, '14:00:00', 10, 31, true);

insert into funcionarioServicoDiaDeTrabalho values (3, '09:00:00', 9, 32, true);
insert into funcionarioServicoDiaDeTrabalho values (3, '10:15:00', 9, 32, true);
insert into funcionarioServicoDiaDeTrabalho values (3, '13:00:00', 10, 32, true);
insert into funcionarioServicoDiaDeTrabalho values (3, '14:15:00', 10, 32, true);

insert into funcionarioServicoDiaDeTrabalho values (4, '08:00:00', 9, 33, true);
insert into funcionarioServicoDiaDeTrabalho values (4, '10:00:00', 9, 33, true);
insert into funcionarioServicoDiaDeTrabalho values (4, '13:00:00', 10, 33, true);
insert into funcionarioServicoDiaDeTrabalho values (5, '15:00:00', 10, 33, true);

insert into funcionarioServicoDiaDeTrabalho values (6, '09:00:00', 9, 34, true);
insert into funcionarioServicoDiaDeTrabalho values (6, '10:30:00', 9, 34, true);
insert into funcionarioServicoDiaDeTrabalho values (6, '13:00:00', 10, 34, true);
insert into funcionarioServicoDiaDeTrabalho values (6, '14:30:00', 10, 34, true);

insert into funcionarioServicoDiaDeTrabalho values (5, '09:00:00', 9, 35, true);
insert into funcionarioServicoDiaDeTrabalho values (6, '07:30:00', 9, 35, true);
insert into funcionarioServicoDiaDeTrabalho values (3, '13:00:00', 10, 35, true);
insert into funcionarioServicoDiaDeTrabalho values (4, '16:00:00', 10, 35, true);

insert into funcionarioServicoDiaDeTrabalho values (3, '09:00:00', 9, 36, true);
insert into funcionarioServicoDiaDeTrabalho values (3, '11:30:00', 9, 36, true);
insert into funcionarioServicoDiaDeTrabalho values (3, '14:00:00', 10, 36, true);
insert into funcionarioServicoDiaDeTrabalho values (3, '16:30:00', 10, 36, true);

insert into funcionarioServicoDiaDeTrabalho values (5, '09:00:00', 9, 37, true);
insert into funcionarioServicoDiaDeTrabalho values (5, '11:15:00', 9, 37, true);
insert into funcionarioServicoDiaDeTrabalho values (5, '14:00:00', 10, 37, true);
insert into funcionarioServicoDiaDeTrabalho values (6, '15:00:00', 10, 37, true);

insert into funcionarioServicoDiaDeTrabalho values (6, '09:00:00', 9, 38, true);
insert into funcionarioServicoDiaDeTrabalho values (6, '11:00:00', 9, 38, true);
insert into funcionarioServicoDiaDeTrabalho values (6, '14:00:00', 10, 38, true);
insert into funcionarioServicoDiaDeTrabalho values (6, '16:00:00', 10, 38, true);

insert into funcionarioServicoDiaDeTrabalho values (3, '09:00:00', 9, 39, true);
insert into funcionarioServicoDiaDeTrabalho values (3, '11:15:00', 9, 39, true);
insert into funcionarioServicoDiaDeTrabalho values (3, '14:00:00', 10, 39, true);
insert into funcionarioServicoDiaDeTrabalho values (3, '16:15:00', 10, 39, true);

insert into funcionarioServicoDiaDeTrabalho values (3, '09:00:00', 9, 40, true);
insert into funcionarioServicoDiaDeTrabalho values (4, '06:00:00', 9, 40, true);
insert into funcionarioServicoDiaDeTrabalho values (3, '11:30:00', 10, 40, true);
insert into funcionarioServicoDiaDeTrabalho values (3, '13:30:00', 10, 40, true);

insert into funcionarioServicoDiaDeTrabalho values (4, '09:00:00', 9, 41, true);
insert into funcionarioServicoDiaDeTrabalho values (3, '09:30:00', 9, 41, true);
insert into funcionarioServicoDiaDeTrabalho values (3, '12:00:00', 10, 41, true);
insert into funcionarioServicoDiaDeTrabalho values (3, '12:30:00', 10, 41, true);

insert into funcionarioServicoDiaDeTrabalho values (4, '06:00:00', 9, 42, true);
insert into funcionarioServicoDiaDeTrabalho values (5, '10:00:00', 9, 42, true);
insert into funcionarioServicoDiaDeTrabalho values (6, '07:00:00', 10, 42, true);
insert into funcionarioServicoDiaDeTrabalho values (6, '07:45:00', 10, 42, true);

insert into funcionarioServicoDiaDeTrabalho values (5, '09:00:00', 9, 43, true);
insert into funcionarioServicoDiaDeTrabalho values (5, '11:15:00', 9, 43, true);
insert into funcionarioServicoDiaDeTrabalho values (5, '13:00:00', 10, 43, true);
insert into funcionarioServicoDiaDeTrabalho values (5, '15:15:00', 10, 43, true);

insert into funcionarioServicoDiaDeTrabalho values (3, '06:00:00', 9, 44, true);
insert into funcionarioServicoDiaDeTrabalho values (3, '08:30:00', 9, 44, true);
insert into funcionarioServicoDiaDeTrabalho values (3, '10:15:00', 10, 44, true);
insert into funcionarioServicoDiaDeTrabalho values (3, '12:45:00', 10, 44, true);

insert into funcionarioServicoDiaDeTrabalho values (3, '16:00:00', 9, 45, true);
insert into funcionarioServicoDiaDeTrabalho values (4, '19:00:00', 9, 45, true);
insert into funcionarioServicoDiaDeTrabalho values (5, '09:00:00', 10, 45, true);
insert into funcionarioServicoDiaDeTrabalho values (3, '20:00:00', 10, 45, true);

insert into funcionarioServicoDiaDeTrabalho values (3, '15:00:00', 9, 46, true);
insert into funcionarioServicoDiaDeTrabalho values (3, '16:15:00', 9, 46, true);
insert into funcionarioServicoDiaDeTrabalho values (4, '09:00:00', 10, 46, true);
insert into funcionarioServicoDiaDeTrabalho values (4, '10:15:00', 10, 46, true);

insert into funcionarioServicoDiaDeTrabalho values (3, '06:00:00', 9, 47, true);
insert into funcionarioServicoDiaDeTrabalho values (3, '07:45:00', 9, 47, true);
insert into funcionarioServicoDiaDeTrabalho values (3, '13:00:00', 10, 47, true);
insert into funcionarioServicoDiaDeTrabalho values (3, '14:45:00', 10, 47, true);

insert into funcionarioServicoDiaDeTrabalho values (3, '09:00:00', 9, 48, true);
insert into funcionarioServicoDiaDeTrabalho values (3, '11:15:00', 9, 48, true);
insert into funcionarioServicoDiaDeTrabalho values (3, '14:00:00', 10, 48, true);
insert into funcionarioServicoDiaDeTrabalho values (3, '17:15:00', 10, 48, true);

insert into funcionarioServicoDiaDeTrabalho values (6, '09:00:00', 9, 49, true);
insert into funcionarioServicoDiaDeTrabalho values (2, '11:30:00', 9, 49, true);
insert into funcionarioServicoDiaDeTrabalho values (2, '14:00:00', 10, 49, true);
insert into funcionarioServicoDiaDeTrabalho values (6, '16:30:00', 10, 49, true);

insert into funcionarioServicoDiaDeTrabalho values (4, '09:00:00', 9, 50, true);
insert into funcionarioServicoDiaDeTrabalho values (4, '11:15:00', 9, 50, true);
insert into funcionarioServicoDiaDeTrabalho values (4, '13:00:00', 10, 50, true);
insert into funcionarioServicoDiaDeTrabalho values (4, '15:15:00', 10, 50, true);

-- func 2/5/6/13/11
insert into funcionarioServicoDiaDeTrabalho values (4, '09:00:00', 2, 51, true);
insert into funcionarioServicoDiaDeTrabalho values (4, '11:30:00', 2, 51, true);
insert into funcionarioServicoDiaDeTrabalho values (4, '14:10:00', 2, 51, true);
insert into funcionarioServicoDiaDeTrabalho values (4, '16:45:00', 2, 51, true);

insert into funcionarioServicoDiaDeTrabalho values (3, '09:00:00', 5, 51, true);
insert into funcionarioServicoDiaDeTrabalho values (3, '11:30:00', 5, 51, true);
insert into funcionarioServicoDiaDeTrabalho values (4, '14:10:00', 6, 51, true);
insert into funcionarioServicoDiaDeTrabalho values (4, '16:45:00', 6, 51, true);

insert into funcionarioServicoDiaDeTrabalho values (5, '09:00:00', 13, 51, true);
insert into funcionarioServicoDiaDeTrabalho values (5, '11:30:00', 13, 51, true);
insert into funcionarioServicoDiaDeTrabalho values (5, '13:00:00', 13, 51, true);
insert into funcionarioServicoDiaDeTrabalho values (5, '16:45:00', 13, 51, true); 

insert into funcionarioServicoDiaDeTrabalho values (5, '09:00:00', 11, 51, false);
insert into funcionarioServicoDiaDeTrabalho values (5, '11:30:00', 11, 51, false);
insert into funcionarioServicoDiaDeTrabalho values (5, '14:10:00', 11, 51, false);
insert into funcionarioServicoDiaDeTrabalho values (5, '16:45:00', 11, 51, false); 

insert into funcionarioServicoDiaDeTrabalho values (3, '09:00:00', 2, 52, true);
insert into funcionarioServicoDiaDeTrabalho values (3, '11:45:00', 2, 52, true);
insert into funcionarioServicoDiaDeTrabalho values (3, '15:40:00', 2, 52, true);
insert into funcionarioServicoDiaDeTrabalho values (3, '18:25:00', 2, 52, true);

insert into funcionarioServicoDiaDeTrabalho values (7, '09:00:00', 5, 52, true);
insert into funcionarioServicoDiaDeTrabalho values (7, '11:45:00', 5, 52, true);
insert into funcionarioServicoDiaDeTrabalho values (7, '15:00:00', 6, 52, true);
insert into funcionarioServicoDiaDeTrabalho values (7, '17:45:00', 6, 52, true);

insert into funcionarioServicoDiaDeTrabalho values (3, '09:00:00', 13, 52, true);
insert into funcionarioServicoDiaDeTrabalho values (3, '09:45:00', 13, 52, true);
insert into funcionarioServicoDiaDeTrabalho values (5, '15:40:00', 13, 52, true);
insert into funcionarioServicoDiaDeTrabalho values (5, '18:25:00', 13, 52, true); 

insert into funcionarioServicoDiaDeTrabalho values (3, '09:00:00', 11, 52, false);
insert into funcionarioServicoDiaDeTrabalho values (3, '09:45:00', 11, 52, false);
insert into funcionarioServicoDiaDeTrabalho values (3, '13:00:00', 11, 52, false);
insert into funcionarioServicoDiaDeTrabalho values (3, '15:45:00', 11, 52, false); 

insert into funcionarioServicoDiaDeTrabalho values (5, '08:00:00', 2, 53, true);
insert into funcionarioServicoDiaDeTrabalho values (5, '11:10:00', 2, 53, true);
insert into funcionarioServicoDiaDeTrabalho values (5, '14:10:00', 2, 53, true);
insert into funcionarioServicoDiaDeTrabalho values (5, '17:20:00', 2, 53, true);

insert into funcionarioServicoDiaDeTrabalho values (4, '09:00:00', 5, 53, true);
insert into funcionarioServicoDiaDeTrabalho values (4, '12:10:00', 5, 53, true);
insert into funcionarioServicoDiaDeTrabalho values (3, '13:00:00', 6, 53, true);
insert into funcionarioServicoDiaDeTrabalho values (3, '16:10:00', 6, 53, true);

insert into funcionarioServicoDiaDeTrabalho values (4, '09:00:00', 13, 53, true);
insert into funcionarioServicoDiaDeTrabalho values (4, '12:20:00', 13, 53, true);
insert into funcionarioServicoDiaDeTrabalho values (3, '13:00:00', 13, 53, true);
insert into funcionarioServicoDiaDeTrabalho values (3, '16:10:00', 13, 53, true); 

insert into funcionarioServicoDiaDeTrabalho values (4, '09:00:00', 11, 53, false);
insert into funcionarioServicoDiaDeTrabalho values (4, '12:20:00', 11, 53, false);
insert into funcionarioServicoDiaDeTrabalho values (6, '09:00:00', 11, 53, false);
insert into funcionarioServicoDiaDeTrabalho values (6, '12:10:00', 11, 53, false); 

insert into funcionarioServicoDiaDeTrabalho values (3, '09:00:00', 2, 54, true);
insert into funcionarioServicoDiaDeTrabalho values (3, '11:10:00', 2, 54, true);
insert into funcionarioServicoDiaDeTrabalho values (3, '13:10:00', 2, 54, true);
insert into funcionarioServicoDiaDeTrabalho values (3, '15:10:00', 2, 54, true);

insert into funcionarioServicoDiaDeTrabalho values (5, '09:00:00', 5, 54, true);
insert into funcionarioServicoDiaDeTrabalho values (5, '13:00:00', 5, 54, true);
insert into funcionarioServicoDiaDeTrabalho values (5, '15:00:00', 6, 54, true);
insert into funcionarioServicoDiaDeTrabalho values (5, '17:00:00', 6, 54, true);

insert into funcionarioServicoDiaDeTrabalho values (7, '09:00:00', 13, 54, true);
insert into funcionarioServicoDiaDeTrabalho values (7, '12:00:00', 13, 54, true);
insert into funcionarioServicoDiaDeTrabalho values (7, '15:00:00', 13, 54, true);
insert into funcionarioServicoDiaDeTrabalho values (7, '18:00:00', 13, 54, true);
insert into funcionarioServicoDiaDeTrabalho values (7, '21:00:00', 13, 54, true);

insert into funcionarioServicoDiaDeTrabalho values (6, '09:00:00', 13, 54, true);
insert into funcionarioServicoDiaDeTrabalho values (6, '11:10:00', 13, 54, true);
insert into funcionarioServicoDiaDeTrabalho values (6, '13:10:00', 13, 54, true);
insert into funcionarioServicoDiaDeTrabalho values (6, '15:10:00', 13, 54, true); 

insert into funcionarioServicoDiaDeTrabalho values (6, '09:00:00', 11, 54, false);
insert into funcionarioServicoDiaDeTrabalho values (6, '09:45:00', 11, 54, false);
insert into funcionarioServicoDiaDeTrabalho values (6, '13:00:00', 11, 54, false);
insert into funcionarioServicoDiaDeTrabalho values (6, '15:45:00', 11, 54, false); 
insert into funcionarioServicoDiaDeTrabalho values (5, '12:00:00', 11, 54, false);
insert into funcionarioServicoDiaDeTrabalho values (5, '16:45:00', 11, 54, false); 

insert into funcionarioServicoDiaDeTrabalho values (5, '12:00:00', 12, 54, false);
insert into funcionarioServicoDiaDeTrabalho values (5, '16:45:00', 12, 54, false);

insert into funcionarioServicoDiaDeTrabalho values (5, '09:00:00', 9, 1, true);
insert into funcionarioServicoDiaDeTrabalho values (5, '09:45:00', 10, 3, true);
insert into funcionarioServicoDiaDeTrabalho values (5, '13:00:00', 11, 4, true);
insert into funcionarioServicoDiaDeTrabalho values (5, '15:45:00', 12, 5, true); 
insert into funcionarioServicoDiaDeTrabalho values (5, '11:30:00', 9, 2, true);
insert into funcionarioServicoDiaDeTrabalho values (5, '14:00:00', 1, 1, true);
insert into funcionarioServicoDiaDeTrabalho values (5, '10:00:00', 1, 1, true);
insert into funcionarioServicoDiaDeTrabalho values (5, '18:00:00', 1, 3, true);

insert into funcionarioServicoDiaDeTrabalho values (4, '08:00:00', 1, 1, true);
insert into funcionarioServicoDiaDeTrabalho values (4, '09:00:00', 2, 1, true);
insert into funcionarioServicoDiaDeTrabalho values (4, '10:00:00', 3, 1, true);

insert into funcionarioServicoDiaDeTrabalho values (4, '13:00:00', 1, 1, true);
insert into funcionarioServicoDiaDeTrabalho values (4, '14:10:00', 2, 1, true);
insert into funcionarioServicoDiaDeTrabalho values (4, '15:15:00', 3, 1, true);

insert into funcionarioServicoDiaDeTrabalho values (4, '17:30:00', 1, 1, true);
insert into funcionarioServicoDiaDeTrabalho values (4, '14:00:00', 2, 1, true);
insert into funcionarioServicoDiaDeTrabalho values (4, '15:00:00', 3, 1, true);

-- AGENDAMENTOS
insert into agendamento values('BEEF','2023-11-28',true,true,'saradasilvaspagnuolo2705@gmail.com', 9, 48, '09:00:00',3, 2);
insert into agendamento values('A1F8','2023-11-01',true,true,'sophiacosta@gmail.com',13 ,54 ,'09:00:00',7,null);
insert into agendamento values('3D6B','2023-11-30',true,true,'sophiacosta@gmail.com',11 ,54 ,'12:00:00',5,null);
insert into agendamento values('E94A','2023-11-30',true,true,'sophiacosta@gmail.com',12 ,54 ,'16:45:00',5,null);
insert into agendamento values('3A7F','2023-11-28',true,true,'catarina.santos@hotmail.com', 9, 48, '11:15:00',3, 2);
insert into agendamento values('5D68','2023-12-07',null,null,'catarina.santos@hotmail.com', 6, 54,'15:00:00',5, null);
insert into agendamento values('91B4','2023-12-05',null,null,'saradasilvaspagnuolo2705@gmail.com',10 ,44 , '12:45:00',3,null);
insert into agendamento values('4C76','2023-12-09',null,null,'catarina.santos@hotmail.com', 6,52 ,'17:45:00',7,null);
insert into agendamento values('B093','2023-12-05',true,true,'saradasilvaspagnuolo2705@gmail.com',2 ,54 ,'15:10:00',3,null);
insert into agendamento values('267D','2023-12-06',null,null,'bianca.melo@gmail.com',2 ,54 ,'13:10:00',3,null);

insert into agendamento values('26DD','2023-12-06',null,null,'catarina.santos@hotmail.com',1 ,18 ,'11:00:00',4,null);
insert into agendamento values('266D','2023-12-09',null,null,'saradasilvaspagnuolo2705@gmail.com',5 ,52 ,'09:00:00',7,null);
insert into agendamento values('227D','2023-12-05',null,null,'sophiacosta@gmail.com',2 ,54 ,'09:00:00',3,null);
insert into agendamento values('233D','2023-12-06',null,null,'catarina.santos@hotmail.com',1 ,19 ,'15:45:00',4,null);

insert into agendamento values('F84E','2023-12-09',null,null,'sophiacosta@gmail.com',13 ,54 ,'18:00:00',7,null);

insert into agendamento values('FFFF','2023-12-09',null,null,'sophiacosta@gmail.com',13 ,54 ,'09:00:00',7,null);
insert into agendamento values('EEEE','2023-12-09',null,null,'saradasilvaspagnuolo2705@gmail.com',13 ,54 ,'12:00:00',7,null);
insert into agendamento values('DDDD','2023-12-09',false, false,'bianca.melo@gmail.com',13 ,54 ,'15:00:00',7,null);

insert into agendamento values('A56F8', '2023-12-15', true, false, 'saradasilvaspagnuolo2705@gmail.com', 1, 1, '08:00:00', 4, null);
insert into agendamento values('A19F8', '2023-12-16', true, false, 'bianca.melo@gmail.com', 2, 1, '09:00:00', 4, null);
insert into agendamento values('A20F8', '2023-12-17', true, false, 'catarina.santos@hotmail.com', 3, 1, '10:00:00', 4, null);
insert into agendamento values('A21F8', '2023-12-18', true, false, 'danielalmeida@gmail.com', 2, 1, '14:10:00', 4, null);
insert into agendamento values('A22F8', '2023-12-19', true, false, 'sophiacosta@gmail.com', 1, 1, '17:30:00', 4, null);

insert into agendamento values('A2F8','2023-11-25',true,true,'saradasilvaspagnuolo2705@gmail.com', 12, 5, '15:45:00',5, null);
insert into agendamento values('A6F8','2023-11-29',true,true,'sophiacosta@gmail.com', 10, 3, '09:45:00',5, null);
insert into agendamento values('A10F8','2023-12-03',true,true,'sophiacosta@gmail.com', 11, 4, '13:00:00',5, null);
insert into agendamento values('A14F8','2023-12-07',true,true,'sophiacosta@gmail.com', 12, 5, '15:45:00',5, null);
insert into agendamento values('A3F8','2023-11-26',true,true,'bianca.melo@gmail.com', 9, 2, '11:30:00',5, null);
insert into agendamento values('A7F8','2023-11-26',true,true,'bianca.melo@gmail.com', 9, 2, '11:30:00',5, null);

insert into agendamento values ('B3F9', '2023-10-23', null,null,'catarina.santos@hotmail.com',1,1,'14:00:00',5,null);
insert into agendamento values ('A4F8', '2023-10-23', null,null,'catarina.santos@hotmail.com',1,1,'10:00:00',5,null);
insert into agendamento values ('A12F8', '2023-10-23', null,null,'catarina.santos@hotmail.com',1,3,'18:00:00',5,null);


-- Avaliações para o serviço de Progressiva sem Formol
insert into avaliacao values('BEEF','saradasilvaspagnuolo2705@gmail.com', 5,'Unhas de Vidro foi um serviço excepcional! Profissionais altamente qualificados, ambiente acolhedor e resultados incríveis. Recomendo totalmente!', '2023-12-01');
insert into avaliacao values('E94A','sophiacosta@gmail.com', 1,'"A experiência com a Maquiagem Labial Profissional foi decepcionante. A aplicação da maquiagem nos lábios deixou a desejar, não alcançando minhas expectativas quanto à precisão e durabilidade do produto.', '2023-12-01');
insert into avaliacao values('3D6B','sophiacosta@gmail.com', 3,'A Maquiagem Labial Profissional foi aceitável. Houve alguns pontos positivos na aplicação, mas a durabilidade da maquiagem nos lábios não foi muito consistente. Melhorias na técnica seriam apreciadas.', '2023-12-01');
insert into avaliacao values('A1F8','sophiacosta@gmail.com', 5,'Incrível experiência com a Maquiagem Labial Profissional! A aplicação foi impecável, resultando em lábios lindamente realçados e duradouros. Profissionais altamente habilidosos e produtos de qualidade. Recomendo muito!', '2023-12-01');
insert into avaliacao values('267D','bianca.melo@gmail.com', 5,'A maquiadora selecionou cores e tonalidades perfeitas que realçaram meus lábios de forma natural. Destacou demais a textura e a forma dos meus lábios duma maneira que nunca experimentei antes! ', '2023-12-01');
/* */
insert into avaliacao values('A56F8', 'saradasilvaspagnuolo2705@gmail.com', 5, 'Incrível progressiva! Meus cabelos nunca estiveram tão bonitos.', '2023-12-16');
insert into avaliacao values('A19F8', 'bianca.melo@gmail.com', 2, 'Não gostei do resultado da progressiva. Os cabelos ficaram ressecados.', '2023-12-17');
insert into avaliacao values('A21F8', 'danielalmeida@gmail.com', 2, 'A progressiva não teve o efeito desejado. Não recomendaria.', '2023-12-19');
insert into avaliacao values('A22F8', 'sophiacosta@gmail.com', 4, 'Resultado incrível! Cabelos alisados e saudáveis.', '2023-12-20');
insert into avaliacao values('A20F8','catarina.santos@hotmail.com', 5,'Oferece um serviço excepcional! Profissionais altamente qualificados, ambiente acolhedor e resultados incríveis. Recomendo totalmente e estarei voltando em breve!', '2023-11-24');
insert into avaliacao values('A2F8','saradasilvaspagnuolo2705@gmail.com', 5, 'Estou extremamente satisfeita com o serviço excepcional que recebi no salão de beleza. Sem dúvida, foi uma experiência transformadora para o meu cabelo.', '2023-11-25');
insert into avaliacao values('A3F8','bianca.melo@gmail.com', 2, 'O alisamento ficou bom, mas achei o valor um pouco alto.', '2023-11-26');
insert into avaliacao values('A6F8','sophiacosta@gmail.com', 5, 'Corte perfeito e estilização maravilhosa! Adorei o atendimento.', '2023-11-29');

insert into avaliacao values('A10F8','sophiacosta@gmail.com', 5, 'Ótimo serviço! Cabelos limpos e escova impecável.', '2023-12-03');
insert into avaliacao values('A12F8','catarina.santos@hotmail.com', 4, 'Bom resultado, mas o tempo de espera foi um pouco longo.', '2023-12-05');

insert into avaliacao values('A14F8','sophiacosta@gmail.com', 5, 'Hidratação perfeita! Resultado incrível na escova também.', '2023-12-07');

-- insert into funcionarioServicoDiaDeTrabalho values(1,'13:00', 1,1);
-- insert into funcionarioServicoDiaDeTrabalho values(1,'14:00', 1,1);
-- insert into funcionarioServicoDiaDeTrabalho values(1,'13:50', 4,1);
-- insert into funcionarioServicoDiaDeTrabalho values(1,'15:00', 4,1);
-- insert into funcionarioServicoDiaDeTrabalho values(1,'16:00', 4,1);

-- insert into avaliacao values(1,1,2,'saradasilvaspagnuolo2705@gmail.com',1,'eu não gostei muito do atendimento, pois não gosto atendeu as minhas expectativas', "2023-10-23");
-- insert into avaliacao values(2,1,2,'gilmaraspagnuolo@hotmail.com',2,'eu não gostei muito do atendimento, pois não gosto atendeu as minhas expectativas', "2023-10-25" );
-- insert into avaliacao values(3,2,2,'matheusalmeida@gmail.com',3,'Gostei muitíssimo do atendimento; bem prestativo. Adorei o resultado do serviço, vou retornar em próximas vezes, obrigada. Gostaria apenas de fazer uma reclamação a respeito da cabeleireira se atrasar um pouco para me atender, gostaria de ter sido avisada pelo próprio aplicativo que a cabeleireira demoraria um pouco para chegar, dessa forma eu não precisaria deixar meus compromissos de lado para chegar lá',"2023-10-23");


insert into TipoDeOcorrencia values(1, 'Funcionario faltou');
insert into TipoDeOcorrencia values(2, 'Cliente faltou');
insert into TipoDeOcorrencia values(3, 'Outro');

insert into Ocorrencia values(1, 1, 'Infelizmente, hoje, ao chegar ao salão, fui informado de que o funcionário designado para realizar o serviço que agendei não estava disponível. Fiquei frustrado com a falta de comunicação prévia ou alternativas oferecidas para lidar com a situação.');
insert into Ocorrencia values(2, 2, 'A cliente agendou um serviço conosco, porém não compareceu ao horário marcado sem aviso prévio. Isso resultou na impossibilidade de atender a outro cliente, afetando nossa agenda e causando transtornos na gestão do tempo dos profissionais.');
